playerName,position,team,adp,projectedPoints,rank,VOR,auction,pffProjections
Le'Veon Bell,RB,PIT,2,343.5,1,219,67,343.5
Todd Gurley,RB,LAR,1,329.5,2,205,62,329.5
Ezekiel Elliott,RB,DAL,3,309.6,3,185,56,309.6
David Johnson,RB,ARZ,4,308,4,183,56,308
Alvin Kamara,RB,NO,7,302.8,5,178,54,302.8
Antonio Brown,WR,PIT,5,323.8,6,171,52,323.8
Saquon Barkley,RB,NYG,16,280.8,7,156,48,280.8
Dalvin Cook,RB,MIN,13,278.3,8,153,47,278.3
Melvin Gordon III,RB,LAC,9,277,9,152,46,277
Kareem Hunt,RB,KC,11,273.6,10,149,45,273.6
DeAndre Hopkins,WR,HST,8,295.3,11,143,44,295.3
Leonard Fournette,RB,JAX,12,261.8,12,137,42,261.8
Julio Jones,WR,ATL,18,289.2,13,137,42,289.2
Odell Beckham Jr.,WR,NYG,10,287.4,14,135,41,287.4
Michael Thomas,WR,NO,17,278.9,15,126,39,278.9
Devonta Freeman,RB,ATL,22,250.5,16,126,38,250.5
Rob Gronkowski,TE,NE,32,241.8,17,123,38,241.8
Mike Evans,WR,TB,24,264.7,18,112,34,264.7
Keenan Allen,WR,LAC,19,264.5,19,112,34,264.5
A.J. Green,WR,CIN,26,264,20,112,34,264
Davante Adams,WR,GB,21,262.1,21,110,33,262.1
Christian McCaffrey,RB,CAR,29,233.9,22,109,33,233.9
LeSean McCoy,RB,BUF,25,233.3,23,108,33,233.3
Jerick McKinnon,RB,SF,43,225.9,24,101,31,225.9
Travis Kelce,TE,KC,42,215.8,25,97,30,215.8
Zach Ertz,TE,PHI,49,214.3,26,96,29,214.3
Joe Mixon,RB,CIN,33,220.2,27,95,29,220.2
T.Y. Hilton,WR,IND,39,242.8,28,90,28,242.8
Adam Thielen,WR,MIN,44,241.4,29,89,27,241.4
Doug Baldwin,WR,SEA,58,236.9,30,84,26,236.9
Rashaad Penny,RB,SEA,73,203.8,31,79,24,203.8
Tyreek Hill,WR,KC,35,225.9,32,73,22,225.9
Allen Robinson II,WR,CHI,47,225,33,73,22,225
Jordan Howard,RB,CHI,31,197.3,34,72,22,197.3
Jay Ajayi,RB,PHI,103,197,35,72,22,197
Kenyan Drake,RB,MIA,51,196.2,36,71,22,196.2
Larry Fitzgerald,WR,ARZ,57,222.9,37,70,22,222.9
Alshon Jeffery,WR,PHI,75,222.5,38,70,21,222.5
Delanie Walker,TE,TEN,88,188.4,39,70,21,188.4
Stefon Diggs,WR,MIN,34,221.9,40,69,21,221.9
Demaryius Thomas,WR,DEN,68,220.9,41,68,21,220.9
Alex Collins,RB,BLT,77,192.5,42,68,21,192.5
Josh Gordon,WR,CLV,45,218.8,43,66,20,218.8
Amari Cooper,WR,OAK,54,217.5,44,65,20,217.5
Golden Tate,WR,DET,71,217.4,45,65,20,217.4
Derrius Guice,RB,WAS,56,189.6,46,65,20,189.6
Royce Freeman,RB,DEN,100,189.5,47,65,20,189.5
Marshawn Lynch,RB,OAK,146,187.6,48,63,19,187.6
Lamar Miller,RB,HST,64,187.3,49,62,19,187.3
Sony Michel,RB,NE,70,185,50,60,18,185
Derrick Henry,RB,TEN,38,184.3,51,59,18,184.3
JuJu Smith-Schuster,WR,PIT,50,210.1,52,58,18,210.1
Dion Lewis,RB,TEN,92,179.7,53,55,17,179.7
Greg Olsen,TE,CAR,82,171.6,54,53,16,171.6
Mark Ingram II,RB,NO,67,177.5,55,53,16,177.5
Chris Thompson,RB,WAS,156,175.8,56,51,16,175.8
Evan Engram,TE,NYG,60,169.1,57,50,15,169.1
Pierre Garcon,WR,SF,95,201.8,58,49,15,201.8
Aaron Rodgers,QB,GB,6,320.3,59,48,15,320.3
Marvin Jones Jr.,WR,DET,76,200.4,60,48,15,200.4
Ronald Jones,RB,TB,87,172.6,61,48,15,172.6
Emmanuel Sanders,WR,DEN,97,198.4,62,46,14,198.4
Brandin Cooks,WR,LAR,52,196.2,63,44,13,196.2
Duke Johnson Jr.,RB,CLV,124,168.4,64,44,13,168.4
Tom Brady,QB,NE,23,315.6,65,43,13,315.6
Jarvis Landry,WR,CLV,61,194.2,66,42,13,194.2
Kyle Rudolph,TE,MIN,84,160.2,67,41,13,160.2
Cam Newton,QB,CAR,30,312.6,68,40,12,312.6
Tevin Coleman,RB,ATL,96,164.2,69,39,12,164.2
Corey Davis,WR,TEN,80,191.5,70,39,12,191.5
Isaiah Crowell,RB,NYJ,117,163.8,71,39,12,163.8
Michael Crabtree,WR,BLT,86,190.9,72,38,12,190.9
Russell Wilson,QB,SEA,15,310,73,38,12,310
Jordan Reed,TE,WAS,93,155.4,74,37,11,155.4
Jimmy Graham,TE,GB,63,154.3,75,36,11,154.3
Marlon Mack,RB,IND,78,160.3,76,35,11,160.3
DeVante Parker,WR,MIA,119,184.9,77,32,10,184.9
Chris Hogan,WR,NE,105,183,78,31,9,183
Randall Cobb,WR,GB,106,182.4,79,30,9,182.4
Robert Woods,WR,LAR,83,178.8,80,26,8,178.8
Robby Anderson,WR,NYJ,110,178.2,81,26,8,178.2
Carson Wentz,QB,PHI,20,297.7,82,25,8,297.7
Sammy Watkins,WR,KC,74,175.4,83,23,7,175.4
Sterling Shepard,WR,NYG,143,175.2,84,23,7,175.2
Tarik Cohen,RB,CHI,98,146.4,85,22,7,146.4
Cooper Kupp,WR,LAR,104,173.4,86,21,7,173.4
Trey Burton,TE,CHI,111,139.1,87,20,6,139.1
Jack Doyle,TE,IND,138,138.7,88,20,6,138.7
Jamison Crowder,WR,WAS,132,171.8,89,19,6,171.8
Jamaal Williams,RB,GB,137,143.9,90,19,6,143.9
Kelvin Benjamin,WR,BUF,125,170.1,91,18,6,170.1
Charles Clay,TE,BUF,200,136.3,92,18,5,136.3
Kenny Stills,WR,MIA,199,169.1,93,17,5,169.1
Kirk Cousins,QB,MIN,36,288.2,94,16,5,288.2
Devin Funchess,WR,CAR,90,167.4,95,15,5,167.4
Rishard Matthews,WR,TEN,185,167.3,96,15,5,167.3
Deshaun Watson,QB,HST,14,287.1,97,15,5,287.1
Tyler Eifert,TE,CIN,176,133.4,98,15,5,133.4
Ben Roethlisberger,QB,PIT,46,285.8,99,13,4,285.8
Marqise Lee,WR,JAX,151,165.9,100,13,4,165.9
DeSean Jackson,WR,TB,202,164.9,101,12,4,164.9
James White,RB,NE,191,136.4,102,12,4,136.4
Kerryon Johnson,RB,DET,114,136.3,103,11,4,136.3
Giovani Bernard,RB,CIN,194,136,104,11,4,136
Matthew Stafford,QB,DET,40,283.4,105,11,3,283.4
Devontae Booker,RB,DEN,164,135.9,106,11,3,135.9
Andrew Luck,QB,IND,48,282.7,107,10,3,282.7
Will Fuller V,WR,HST,91,160.5,108,8,3,160.5
Cameron Brate,TE,TB,212,125.8,109,7,2,125.8
Philip Rivers,QB,LAC,55,278.8,110,6,2,278.8
Bilal Powell,RB,NYJ,171,130.9,111,6,2,130.9
Austin Seferian-Jenkins,TE,JAX,158,123.9,112,5,2,123.9
Marquise Goodwin,WR,SF,101,157.5,113,5,2,157.5
David Njoku,TE,CLV,150,123.2,114,4,1,123.2
Theo Riddick,RB,DET,200,128.7,115,4,1,128.7
Allen Hurns,WR,DAL,145,155.4,116,3,1,155.4
Nelson Agholor,WR,PHI,129,155.2,117,3,1,155.2
Drew Brees,QB,NO,27,275,118,3,1,275
Nick Chubb,RB,CLV,89,126.7,119,2,1,126.7
Jared Cook,TE,OAK,200,120.4,120,2,1,120.4
Jordy Nelson,WR,OAK,161,154.1,121,2,1,154.1
Mohamed Sanu,WR,ATL,200,153.1,122,1,0,153.1
Alex Smith,QB,WAS,62,272.9,123,1,0,272.9
Patrick Mahomes,QB,KC,200,272.9,124,1,0,272.9
Julian Edelman,WR,NE,65,153,125,1,0,153
Jimmy Garoppolo,QB,SF,28,272.6,126,0,0,272.6
Matt Ryan,QB,ATL,53,271.9,127,0,0,271.9
Josh Doctson,WR,WAS,115,152,128,0,0,152
C.J. Anderson,RB,CAR,144,124.4,129,0,0,124.4
George Kittle,TE,SF,159,118.3,130,0,0,118.3
Marcus Mariota,QB,TEN,59,271.8,131,0,0,271.8
Benjamin Watson,TE,NO,218,116.6,132,-1,0,116.6
Aaron Jones,RB,GB,109,122,133,-2,0,122
Kenneth Dixon,RB,BLT,174,121.5,134,-2,0,121.5
Tyler Lockett,WR,SEA,189,148.6,135,-3,0,148.6
Cameron Meredith,WR,NO,152,146.6,136,-5,0,146.6
Dak Prescott,QB,DAL,66,263.6,137,-8,0,263.6
Austin Hooper,TE,ATL,200,109.9,138,-8,0,109.9
Jared Goff,QB,LAR,37,263,139,-8,0,263
Kenny Golladay,WR,DET,166,142.7,140,-9,0,142.7
Andy Dalton,QB,CIN,148,262.3,141,-9,0,262.3
D.J. Moore,WR,CAR,130,140.9,142,-11,0,140.9
Blake Bortles,QB,JAX,107,260.3,143,-11,0,260.3
John Brown,WR,BLT,200,139.9,144,-12,0,139.9
Donte Moncrief,WR,JAX,200,139.5,145,-12,0,139.5
Mitchell Trubisky,QB,CHI,81,259.2,146,-12,0,259.2
Ricky Seals-Jones,TE,ARZ,200,105.3,147,-13,0,105.3
Rex Burkhead,RB,NE,121,111,148,-13,0,111
Latavius Murray,RB,MIN,183,110.8,149,-13,0,110.8
Albert Wilson,WR,MIA,200,138.1,150,-13,0,138.1
Eric Ebron,TE,IND,226,103.4,151,-14,0,103.4
Brandon LaFell,WR,CIN,200,137,152,-15,0,137
Vance McDonald,TE,PIT,188,102.4,153,-15,0,102.4
Chester Rogers,WR,IND,200,134.7,154,-17,0,134.7
Austin Ekeler,RB,LAC,200,106.7,155,-17,0,106.7
Jordan Matthews,WR,NE,200,134.1,156,-17,0,134.1
Anthony Miller,WR,CHI,173,133.7,157,-18,0,133.7
Terrance Williams,WR,DAL,200,133.4,158,-18,0,133.4
Terrelle Pryor,WR,NYJ,169,132.7,159,-19,0,132.7
Mike Williams,WR,LAC,127,132.3,160,-19,0,132.3
O.J. Howard,TE,TB,160,97.9,161,-20,0,97.9
Ted Ginn Jr.,WR,NO,222,131.3,162,-20,0,131.3
Ryan Tannehill,QB,MIA,123,250.2,163,-21,0,250.2
Jermaine Kearse,WR,NYJ,200,129.9,164,-22,0,129.9
Mike Gesicki,TE,MIA,140,95.2,165,-23,0,95.2
Derek Carr,QB,OAK,69,248.4,166,-23,0,248.4
Travis Benjamin,WR,LAC,200,128.1,167,-23,0,128.1
Case Keenum,QB,DEN,85,246.9,168,-24,0,246.9
Calvin Ridley,WR,ATL,135,126.7,169,-25,0,126.7
D'Onta Foreman,RB,HST,122,99,170,-25,0,99
Frank Gore,RB,MIA,180,98.4,171,-26,0,98.4
Ty Montgomery,RB,GB,118,98,172,-26,0,98
Eli Manning,QB,NYG,102,245,173,-26,0,245
Martavis Bryant,WR,OAK,134,125.1,174,-26,0,125.1
Virgil Green,TE,LAC,200,91.3,175,-27,0,91.3
Zay Jones,WR,BUF,200,124.9,176,-27,0,124.9
Christian Kirk,WR,ARZ,207,124.8,177,-27,0,124.8
Jake Butt,TE,DEN,200,90.6,178,-27,0,90.6
Mark Andrews,TE,BLT,200,88.1,179,-30,0,88.1
Michael Gallup,WR,DAL,153,120.5,180,-31,0,120.5
Blake Jarwin,TE,DAL,200,86.6,181,-31,0,86.6
Gerald Everett,TE,LAR,200,85.6,182,-32,0,85.6
Michael Roberts,TE,DET,200,84.7,183,-33,0,84.7
Geronimo Allison,WR,GB,225,117.6,184,-34,0,117.6
Nick Vannett,TE,SEA,200,83.7,185,-34,0,83.7
Mike Wallace,WR,PHI,200,116.6,186,-35,0,116.6
Ryan Griffin,TE,HST,200,82.3,187,-36,0,82.3
Darren Sproles,RB,PHI,200,87.8,188,-36,0,87.8
Trent Taylor,WR,SF,200,114.1,189,-37,0,114.1
Matt Breida,RB,SF,213,83.2,190,-41,0,83.2
DeAndre Washington,RB,OAK,200,83,191,-41,0,83
Nyheim Hines,RB,IND,178,81.8,192,-42,0,81.8
Kyle Juszczyk,RB,SF,200,81.4,193,-43,0,81.4
Tyrod Taylor,QB,CLV,94,228.8,194,-43,0,228.8
Charles Sims,RB,TB,200,81,195,-43,0,81
Paul Richardson Jr.,WR,WAS,209,108.5,196,-43,0,108.5
James Washington,WR,PIT,200,107.8,197,-44,0,107.8
T.J. Yeldon,RB,JAX,165,80.1,198,-44,0,80.1
Ed Dickson,TE,SEA,200,72.8,199,-45,0,72.8
Jameis Winston,QB,TB,72,226,200,-45,0,226.2
Carlos Hyde,RB,CLV,79,78,201,-46,0,77.7
Hayden Hurst,TE,BLT,205,71,202,-47,0,70.5
LeGarrette Blount,RB,DET,128,76,203,-48,0,75.9
Clive Walford,TE,NYJ,200,70,204,-48,0,69.8
C.J. Prosise,RB,SEA,200,75,205,-49,0,75
J.J. Nelson,WR,ARZ,200,103,206,-49,0,102.5
Spencer Ware,RB,KC,216,75,207,-49,0,74.8
Amara Darboh,WR,SEA,200,102,208,-50,0,102
Carlos Henderson,WR,DEN,200,102,209,-50,0,101.9
Luke Willson,TE,DET,200,68,210,-50,0,68.2
Jordan Wilkins,RB,IND,200,74,211,-50,0,73.8
Danny Amendola,WR,MIA,186,101,212,-51,0,100.6
Willie Snead IV,WR,BLT,200,101,213,-51,0,100.6
Chris Godwin,WR,TB,200,100,214,-52,0,99.6
Garrett Celek,TE,SF,200,65,215,-53,0,65.2
Javorius Allen,RB,BLT,200,71,216,-53,0,71.3
Keelan Cole,WR,JAX,200,98,217,-54,0,97.7
Joe Flacco,QB,BLT,155,217,218,-54,0,217.4
Vernon Davis,TE,WAS,200,63,219,-55,0,62.9
Quincy Enunwa,WR,NYJ,200,96,220,-56,0,95.9
Dallas Goedert,TE,PHI,200,62,221,-56,0,61.7
Travaris Cadet,RB,BUF,200,65,222,-59,0,65.3
Doug Martin,RB,OAK,139,65,223,-59,0,65.2
Chris Carson,RB,SEA,217,65,224,-59,0,64.8
Jermaine Gresham,TE,ARZ,200,59,225,-59,0,58.6
Corey Clement,RB,PHI,179,64,226,-60,0,64.2
Tyrell Williams,WR,LAC,200,92,227,-60,0,91.7
Rod Smith,RB,DAL,200,62,228,-62,0,62.4
Nick O'Leary,TE,BUF,200,54,229,-64,0,54.2
Chris Ivory,RB,BUF,200,60,230,-64,0,59.9
Taylor Gabriel,WR,CHI,200,87,231,-64,0,87.4
Adam Shaheen,TE,CHI,200,54,232,-64,0,53.7
Tyler Kroft,TE,CIN,200,54,233,-64,0,53.6
John Ross,WR,CIN,200,85,234,-66,0,85.4
Chris Herndon,TE,NYJ,200,52,235,-66,0,51.6
Ryan Grant,WR,IND,200,85,236,-66,0,85.2
Elijah McGuire,RB,NYJ,200,58,237,-66,0,57.5
Tyler Higbee,TE,LAR,200,51,238,-66,0,51.4
Chase Edmonds,RB,ARZ,200,57,239,-67,0,57.1
Cole Beasley,WR,DAL,200,84,240,-67,0,84.2
James Conner,RB,PIT,200,56,241,-68,0,56.2
Niles Paul,TE,JAX,200,49,242,-69,0,48.7
Jordan Akins,TE,HST,200,49,243,-69,0,48.6
Peyton Barber,RB,TB,200,55,244,-69,0,54.7
Taywan Taylor,WR,TEN,200,82,245,-70,0,81.9
Braedon Bowman,TE,LAC,200,48,246,-70,0,48.1
John Kelly,RB,LAR,200,53,247,-71,0,53.3
Keke Coutee,WR,HST,200,80,248,-71,0,80.2
Jonnu Smith,TE,TEN,200,47,249,-71,0,46.5
Jonathan Stewart,RB,NYG,154,52,250,-72,0,51.8
De'Angelo Henderson,RB,DEN,200,48,251,-76,0,48.4
David Morgan,TE,MIN,200,42,252,-76,0,42.3
Laquon Treadwell,WR,MIN,200,75,253,-77,0,74.9
Lance Kendricks,TE,GB,200,41,254,-77,0,41.1
Jeff Heuerman,TE,DEN,200,40,255,-78,0,40.3
Lee Smith,TE,OAK,200,40,256,-78,0,39.7
Rico Gathers,TE,DAL,200,39,257,-79,0,39.3
Jalen Richard,RB,OAK,200,45,258,-79,0,44.6
Wayne Gallman,RB,NYG,200,44,259,-80,0,43.9
Roger Lewis,WR,NYG,200,71,260,-80,0,71.1
Nick Boyle,TE,BLT,200,37,261,-81,0,37.3
A.J. Derby,TE,MIA,200,37,262,-81,0,36.8
Boston Scott,RB,NO,200,41,263,-83,0,41.1
Andre Holmes,WR,BUF,200,68,264,-84,0,67.8
D.J. Chark Jr.,WR,JAX,200,68,265,-84,0,67.5
Dwayne Allen,TE,NE,200,33,266,-84,0,33.4
Jesse James,TE,PIT,200,33,267,-84,0,33.4
Mike Gillislee,RB,NE,200,39,268,-85,0,38.6
Corey Coleman,WR,CLV,200,65,269,-87,0,65
Eric Tomlinson,TE,NYJ,200,31,270,-87,0,31
Torrey Smith,WR,CAR,200,65,271,-87,0,64.5
Seth DeValve,TE,CLV,200,30,272,-88,0,30.1
Logan Paulsen,TE,ATL,200,30,273,-88,0,30
Corey Grant,RB,JAX,200,36,274,-88,0,35.9
Chris Moore,WR,BLT,200,63,275,-88,0,63.3
Stephen Anderson,TE,HST,200,29,276,-89,0,29.1
Joe Williams,RB,SF,200,34,277,-90,0,34.1
Rhett Ellison,TE,NYG,200,27,278,-91,0,27.1
Kendall Wright,WR,MIN,200,61,279,-91,0,60.6
Reece Fountain,WR,IND,200,59,280,-92,0,59.2
Josh McCown,QB,NYJ,201,179,281,-92,0,178.9
Ian Thomas,TE,CAR,200,25,282,-93,0,25.3
Levine Toilolo,TE,DET,200,24,283,-94,0,24.3
Brice Butler,WR,ARZ,200,58,284,-94,0,57.6
James Hanna,TE,DAL,200,24,285,-94,0,23.6
Demetrius Harris,TE,KC,200,23,286,-95,0,23.1
Dante Pettis,WR,SF,200,56,287,-95,0,56.4
Jaylen Samuels,TE,PIT,200,22,288,-96,0,21.8
Alfred Blue,RB,HST,200,28,289,-96,0,27.5
Sean Culkin,TE,LAC,200,20,290,-98,0,19.6
Josh Hill,TE,NO,200,19,291,-99,0,19.1
Will Dissly,TE,SEA,200,19,292,-99,0,18.6
Cameron Artis-Payne,RB,CAR,200,24,293,-100,0,23.8
Malcolm Mitchell,WR,NE,200,51,294,-100,0,51.1
T.J. Logan,RB,ARZ,200,23,295,-101,0,23.1
Kalen Ballage,RB,MIA,195,22,296,-102,0,22.4
Chris Conley,WR,KC,200,50,297,-102,0,49.6
J'Mon Moore,WR,GB,200,49,298,-103,0,49
Justin Jackson,RB,LAC,200,21,299,-103,0,21.4
Phillip Supernaw,TE,TEN,200,15,300,-103,0,15.3
Robert Turbin,RB,IND,200,21,301,-103,0,21.2
Mark Walton,RB,CIN,200,21,302,-103,0,20.7
Jacob Hollister,TE,NE,200,15,303,-103,0,14.5
Richard Rodgers,TE,PHI,200,14,304,-104,0,14.3
Erik Swoope,TE,IND,200,13,305,-104,0,13.4
Samaje Perine,RB,WAS,200,19,306,-105,0,18.9
Courtland Sutton,WR,DEN,172,46,307,-105,0,46.3
Ito Smith,RB,ATL,200,19,308,-105,0,18.5
Benny Cunningham,RB,CHI,200,18,309,-106,0,18.3
Trenton Cannon,RB,NYJ,200,18,310,-106,0,18
Tavon Austin,WR,DAL,200,45,311,-107,0,45
Temarrick Hemingway,TE,LAR,200,11,312,-107,0,11.2
Tyler Conklin,TE,MIN,200,11,313,-107,0,10.5
TJ Jones,WR,DET,200,44,314,-107,0,44.1
Malcolm Brown,RB,LAR,200,16,315,-108,0,16.2
Derek Carrier,TE,OAK,200,10,316,-108,0,10
James O'Shaughnessy,TE,JAX,200,10,317,-108,0,9.7
Durham Smythe,TE,MIA,200,10,318,-108,0,9.5
Troy Fumagalli,TE,DEN,200,9,319,-108,0,9.4
Antony Auclair,TE,TB,200,9,320,-109,0,9.2
Eric Saubert,TE,ATL,200,9,321,-109,0,9.1
Jerell Adams,TE,NYG,200,9,322,-109,0,9
Logan Thomas,TE,BUF,200,9,323,-109,0,9
Xavier Grimble,TE,PIT,200,9,324,-109,0,9
Tanner McEvoy,WR,SEA,200,43,325,-109,0,42.5
Orson Charles,TE,KC,200,9,326,-109,0,8.5
Chris Manhertz,TE,CAR,200,8,327,-109,0,8.4
Jacquizz Rodgers,RB,TB,200,14,328,-110,0,14.1
Andy Janovich,RB,DEN,200,14,329,-110,0,14.1
Aaron Ripkowski,RB,GB,200,14,330,-110,0,13.6
Mack Brown,RB,MIN,200,14,331,-110,0,13.5
Darren Fells,TE,CLV,200,7,332,-111,0,7.1
Dion Sims,TE,CHI,200,7,333,-111,0,7
Akrum Wadley,RB,TEN,200,13,334,-111,0,12.6
Charcandrick West,RB,KC,200,13,335,-111,0,12.5
Bo Scarbrough,RB,DAL,200,13,336,-111,0,12.5
Ameer Abdullah,RB,DET,200,12,337,-112,0,12
Jeremy Sprinkle,TE,WAS,200,6,338,-112,0,5.5
Patrick DiMarco,RB,BUF,200,11,339,-113,0,11.4
C.J. Uzomah,TE,CIN,200,5,340,-113,0,5.3
Cole Hikutini,TE,SF,200,5,341,-113,0,5.2
Damien Williams,RB,KC,200,11,342,-113,0,10.9
Justin Hunter,WR,PIT,200,38,343,-113,0,38.4
Dede Westbrook,WR,JAX,168,38,344,-114,0,37.5
Mike Davis,RB,SEA,200,10,345,-114,0,9.9
Justin Hardy,WR,ATL,200,37,346,-115,0,36.5
James Develin,RB,NE,200,9,347,-115,0,8.9
Ryan Switzer,WR,OAK,200,36,348,-115,0,36.4
Adam Humphries,WR,TB,200,35,349,-117,0,34.7
Tyler Boyd,WR,CIN,200,34,350,-118,0,34
Brian Quick,WR,WAS,200,33,351,-118,0,33.1
Curtis Samuel,WR,CAR,200,33,352,-119,0,32.6
Josh Adams,RB,PHI,200,5,353,-119,0,4.9
Justin Davis,RB,LAR,200,5,354,-119,0,4.6
Jamize Olawale,RB,DAL,200,4,355,-120,0,3.6
Rod Streater,WR,BUF,200,30,356,-121,0,30.4
Tommy Bohanon,RB,JAX,200,3,357,-121,0,2.7
Zach Line,RB,NO,200,2,358,-122,0,2.4
Derek Watt,RB,LAC,200,2,359,-122,0,2.4
Trey Edmunds,RB,NO,200,2,360,-122,0,2.4
C.J. Ham,RB,MIN,200,2,361,-122,0,2.3
Deon Cain,WR,IND,200,30,362,-122,0,29.6
Elijhaa Penny,RB,ARZ,200,2,363,-122,0,2
Tre'Quan Smith,WR,NO,200,29,364,-123,0,29
Jakeem Grant,WR,MIA,200,29,365,-123,0,28.7
DaeSean Hamilton,WR,DEN,200,28,366,-124,0,27.8
Fitzgerald Toussaint,RB,PIT,200,0,367,-124,0,0
Josh Ferguson,RB,IND,200,0,368,-124,0,0
D.J. Foster,RB,ARZ,200,0,369,-124,0,0
Tajae Sharpe,WR,TEN,200,27,370,-125,0,27
Chad Williams,WR,ARZ,200,26,371,-126,0,25.9
Josh Reynolds,WR,LAR,200,25,372,-126,0,25.1
Jaron Brown,WR,SEA,200,25,373,-127,0,24.5
Bruce Ellington,WR,HST,200,24,374,-127,0,24.4
Demarcus Robinson,WR,KC,200,24,375,-127,0,24.1
Kevin White,WR,CHI,200,24,376,-128,0,23.6
Marquez Valdes-Scantling,WR,GB,200,20,377,-132,0,19.6
Mack Hollins,WR,PHI,200,19,378,-132,0,19.1
Cody Latimer,WR,NYG,200,19,379,-133,0,19
Andy Jones,WR,DET,200,19,380,-133,0,19
Geremy Davis,WR,LAC,200,19,381,-133,0,18.9
Marvin Hall,WR,ATL,200,18,382,-133,0,18.1
Justin Watson,WR,TB,200,18,383,-133,0,18.1
Seth Roberts,WR,OAK,200,18,384,-133,0,18.1
Jaleel Scott,WR,BLT,200,18,385,-134,0,18
Brittan Golden,WR,ARZ,200,18,386,-134,0,17.8
A.J. McCarron,QB,BUF,200,138,387,-134,0,137.5
Antonio Callaway,WR,CLV,200,18,388,-134,0,17.5
Josh Malone,WR,CIN,200,17,389,-134,0,17.4
Aldrick Robinson,WR,SF,200,17,390,-135,0,16.6
Ray-Ray McCloud III,WR,BUF,200,16,391,-136,0,15.7
Cordarrelle Patterson,WR,NE,200,13,392,-138,0,13.4
Kenny Britt,WR,NE,200,13,393,-139,0,12.9
Brandon Coleman,WR,NO,200,11,394,-140,0,11.4
Darrius Heyward-Bey,WR,PIT,200,11,395,-140,0,11.3
Dwayne Harris,WR,OAK,200,11,396,-141,0,10.7
Equanimeous St. Brown,WR,GB,200,10,397,-142,0,9.8
Krishawn Hogan,WR,IND,200,10,398,-142,0,9.8
Shelton Gibson,WR,PHI,200,10,399,-142,0,9.5
Travis Rudolph,WR,NYG,200,10,400,-142,0,9.5
Stacy Coley,WR,MIN,200,9,401,-142,0,9.3
Jordan Lasley,WR,BLT,200,9,402,-143,0,9
Chad Hansen,WR,NYJ,200,9,403,-143,0,9
Braxton Miller,WR,HST,200,9,404,-143,0,8.9
Jarius Wright,WR,CAR,200,9,405,-143,0,8.8
Damion Ratley,WR,CLV,200,9,406,-143,0,8.7
Rashard Higgins,WR,CLV,200,9,407,-143,0,8.7
Jaydon Mickens,WR,JAX,200,8,408,-143,0,8.4
Maurice Harris,WR,WAS,200,8,409,-143,0,8.4
Zach Pascal,WR,TEN,200,8,410,-143,0,8.3
Pharoh Cooper,WR,LAR,200,8,411,-143,0,8.3
Jehu Chesson,WR,KC,200,8,412,-144,0,8
Cedrick Wilson,WR,DAL,200,8,413,-144,0,8
Quan Bray,WR,BUF,200,8,414,-144,0,7.8
Joshua Bellamy,WR,CHI,200,7,415,-145,0,6.9
Tyler Ervin,WR,HST,200,7,416,-145,0,6.8
De'Anthony Thomas,WR,KC,200,7,417,-145,0,6.7
Jordan Taylor,WR,DEN,200,5,418,-147,0,4.6
Trevor Davis,WR,GB,200,0,419,-152,0,0
ArDarius Stewart,WR,NYJ,200,0,420,-152,0,0
Chris Thompson,WR,HST,200,0,421,-152,0,0
Isaiah McKenzie,WR,DEN,200,0,422,-152,0,0
Andre Roberts,WR,NYJ,200,0,423,-152,0,0
Brandon Tate,WR,BUF,200,0,424,-152,0,0
Kalif Raymond,WR,NYG,200,0,425,-152,0,-0.1
Alex Erickson,WR,CIN,200,0,426,-152,0,-0.1
Josh Rosen,QB,ARZ,141,119,427,-153,0,118.8
Sam Bradford,QB,ARZ,163,119,428,-153,0,118.6
Josh Allen,QB,BUF,192,76,429,-195,0,76.3
Sam Darnold,QB,NYJ,149,76,430,-195,0,76.3
Baker Mayfield,QB,CLV,131,63,431,-209,0,62.8
Ryan Fitzpatrick,QB,TB,182,50,432,-221,0,50.4
Jacoby Brissett,QB,IND,200,25,433,-246,0,25.1
Lamar Jackson,QB,BLT,113,12,434,-259,0,12
Cody Kessler,QB,JAX,200,4,435,-268,0,3.6
Austin Davis,QB,SEA,200,3,436,-268,0,3.3
Nick Foles,QB,PHI,190,3,437,-268,0,3.3
Geno Smith,QB,LAC,200,3,438,-268,0,3.2
Paxton Lynch,QB,DEN,200,3,439,-268,0,3.1
EJ Manuel,QB,OAK,200,3,440,-268,0,3.1
Landry Jones,QB,PIT,200,3,441,-268,0,3.1
Luke Falk,QB,TEN,200,3,442,-268,0,3.1
Jeff Driskel,QB,CIN,200,3,443,-268,0,3.1
T.J. Yates,QB,HST,200,3,444,-268,0,3
Matt Schaub,QB,ATL,200,3,445,-268,0,3
Davis Webb,QB,NYG,200,3,446,-268,0,3
Colt McCoy,QB,WAS,200,3,447,-268,0,3
Mike White,QB,DAL,200,3,448,-268,0,3
Chase Daniel,QB,CHI,200,3,449,-269,0,2.9
Sean Mannion,QB,LAR,200,3,450,-269,0,2.9
Brett Hundley,QB,GB,200,3,451,-269,0,2.9
Matt Cassel,QB,DET,200,3,452,-269,0,2.8
Tom Savage,QB,NO,200,3,453,-269,0,2.8
Brian Hoyer,QB,NE,200,3,454,-269,0,2.7
C.J. Beathard,QB,SF,200,3,455,-269,0,2.6
Trevor Siemian,QB,MIN,200,3,456,-269,0,2.6
Matt Moore,QB,MIA,200,3,457,-269,0,2.5
Chad Henne,QB,KC,200,2,458,-269,0,2.3
Derek Anderson,QB,CAR,200,2,459,-269,0,2.1
Stephen Gostkowski,K,NE,167,157,460,27.2,0,157.2
Justin Tucker,K,BLT,162,150,461,20,0,150
Wil Lutz,K,NO,197,150,462,19.9,0,149.9
Matt Bryant,K,ATL,203,149,463,18.7,0,148.7
Chris Boswell,K,PIT,215,144,464,14.2,0,144.2
Jake Elliott,K,PHI,204,142,465,12.4,0,142.4
Greg Zuerlein,K,LAR,157,142,466,11.5,0,141.5
Adam Vinatieri,K,IND,200,139,467,8.5,0,138.5
Ryan Succop,K,TEN,211,136,468,5.8,0,135.8
Harrison Butker,K,KC,181,135,469,5.1,0,135.1
Daniel Carlson,K,MIN,200,135,470,4.7,0,134.7
Robbie Gould,K,SF,223,134,471,4.1,0,134.1
Dan Bailey,K,DAL,206,134,472,3.6,0,133.6
Matt Prater,K,DET,193,133,473,2.9,0,132.9
Jacksonville Defense,DST,JAX,99,133,474,32.8,0,132.8
Josh Lambo,K,JAX,200,133,475,2.8,0,132.8
Mason Crosby,K,GB,187,132,476,1.7,0,131.7
Caleb Sturgis,K,LAC,200,131,477,0.6,0,130.6
Graham Gano,K,CAR,214,130,478,-0.1,0,129.9
Dustin Hopkins,K,WAS,200,128,479,-1.7,0,128.3
Chandler Catanzaro,K,TB,200,128,480,-2.1,0,127.9
Sebastian Janikowski,K,SEA,220,126,481,-3.8,0,126.2
Ka'imi Fairbairn,K,HST,200,125,482,-5.2,0,124.8
New England Defense,DST,NE,196,124,483,24.3,0,124.3
Chicago Defense,DST,CHI,200,124,484,23.7,0,123.7
Philadelphia Defense,DST,PHI,120,124,485,23.7,0,123.7
Dallas Defense,DST,DAL,200,123,486,23.1,0,123.1
Zane Gonzalez,K,CLV,200,123,487,-7,0,123
Randy Bullock,K,CIN,200,122,488,-7.6,0,122.4
LA Chargers Defense,DST,LAC,116,122,489,22,0,122
Seattle Defense,DST,SEA,198,122,490,22,0,122
Giorgio Tavecchio,K,OAK,200,122,491,-8.1,0,121.9
Brandon McManus,K,DEN,200,122,492,-8.4,0,121.6
Aldrick Rosas,K,NYG,200,121,493,-8.9,0,121.1
LA Rams Defense,DST,LAR,108,121,494,21,0,121
Cody Parkey,K,CHI,200,121,495,-9,0,121
Minnesota Defense,DST,MIN,112,120,496,20.3,0,120.3
Tennessee Defense,DST,TEN,210,120,497,19.7,0,119.7
New Orleans Defense,DST,NO,147,118,498,17.7,0,117.7
Phil Dawson,K,ARZ,200,116,499,-13.9,0,116.1
Cairo Santos,K,NYJ,200,116,500,-14.3,0,115.7
Stephen Hauschka,K,BUF,200,115,501,-15.4,0,114.6
Baltimore Defense,DST,BLT,136,114,502,14.2,0,114.2
Arizona Defense,DST,ARZ,170,113,503,12.8,0,112.8
Oakland Defense,DST,OAK,200,113,504,12.6,0,112.6
Jason Sanders,K,MIA,200,112,505,-17.8,0,112.2
Carolina Defense,DST,CAR,175,111,506,10.9,0,110.9
Atlanta Defense,DST,ATL,200,106,507,6.3,0,106.3
San Francisco Defense,DST,SF,200,103,508,3,0,103
Tampa Bay Defense,DST,TB,200,102,509,1.5,0,101.5
Washington Defense,DST,WAS,200,101,510,1.2,0,101.2
Pittsburgh Defense,DST,PIT,177,101,511,0.9,0,100.9
Cincinnati Defense,DST,CIN,200,98,512,-1.9,0,98.1
Houston Defense,DST,HST,133,98,513,-2.5,0,97.5
Detroit Defense,DST,DET,200,97,514,-2.9,0,97.1
Kansas City Defense,DST,KC,208,97,515,-2.9,0,97.1
Miami Defense,DST,MIA,200,96,516,-3.6,0,96.4
Indianapolis Defense,DST,IND,200,96,517,-4.5,0,95.5
Green Bay Defense,DST,GB,219,94,518,-5.8,0,94.2
Cleveland Defense,DST,CLV,224,94,519,-6,0,94
Denver Defense,DST,DEN,126,91,520,-8.9,0,91.1
Buffalo Defense,DST,BUF,184,89,521,-10.6,0,89.4
NY Jets Defense,DST,NYJ,200,86,522,-14.4,0,85.6
NY Giants Defense,DST,NYG,200,84,523,-15.8,0,84.2
