playerName,position,team,adp,projectedPoints,rank,VOR,auction,pffProjections
Todd Gurley,RB,LAR,1,341,2,216,62,329.5
Le'Veon Bell,RB,PIT,2,338,1,206,67,343.5
Alvin Kamara,RB,NO,6,320,5,182,54,302.8
Antonio Brown,WR,PIT,5,325,6,172,52,323.8
David Johnson,RB,ARZ,4,305,4,171,56,308
Ezekiel Elliott,RB,DAL,3,289,3,165,56,309.6
Melvin Gordon III,RB,LAC,9,277,9,152,46,277
Dalvin Cook,RB,MIN,14,275,8,150,47,278.3
Kareem Hunt,RB,KC,11,275,10,150,45,273.6
DeAndre Hopkins,WR,HST,8,300,11,147,44,295.3
Michael Thomas,WR,NO,15,295,15,142,39,278.9
Saquon Barkley,RB,NYG,7,265,7,141,48,280.8
Odell Beckham Jr.,WR,NYG,10,290,14,137,41,287.4
Leonard Fournette,RB,JAX,12,260,12,136,42,261.8
Julio Jones,WR,ATL,13,280,13,128,42,289.2
Davante Adams,WR,GB,18,280,21,127,33,262.1
Rob Gronkowski,TE,NE,22,245,17,126,38,241.8
Devonta Freeman,RB,ATL,17,246,16,122,38,250.5
Keenan Allen,WR,LAC,16,275,19,122,34,264.5
A.J. Green,WR,CIN,20,273,20,121,34,264
Jerick McKinnon,RB,SF,21,233,24,120,31,225.9
Christian McCaffrey,RB,CAR,19,244,22,119,33,233.9
Mike Evans,WR,TB,23,263,18,111,34,264.7
Zach Ertz,TE,PHI,37,230,26,111,29,214.3
Travis Kelce,TE,KC,29,225,25,106,30,215.8
Doug Baldwin,WR,SEA,25,255,30,102,26,236.9
Jay Ajayi,RB,PHI,44,214,35,99,22,197
Joe Mixon,RB,CIN,24,226,27,95,29,220.2
LeSean McCoy,RB,BUF,31,220,23,95,33,233.3
Adam Thielen,WR,MIN,28,245,29,92,27,241.4
T.Y. Hilton,WR,IND,30,241,28,89,28,242.8
Rashaad Penny,RB,SEA,41,190,31,85,24,203.8
Allen Robinson II,WR,CHI,45,235,33,83,22,225
Demaryius Thomas,WR,DEN,42,235,41,82,21,220.9
Delanie Walker,TE,TEN,78,200,39,81,21,188.4
Alshon Jeffery,WR,PHI,50,233,38,80,21,222.5
Royce Freeman,RB,DEN,52,195,47,80,20,189.5
Larry Fitzgerald,WR,ARZ,33,231,37,78,22,222.9
Stefon Diggs,WR,MIN,36,235,40,77,21,221.9
Tyreek Hill,WR,KC,32,230,32,77,22,225.9
Derrius Guice,RB,WAS,34,201,46,76,20,189.6
Jordan Howard,RB,CHI,26,210,34,76,22,197.3
Golden Tate,WR,DET,47,226,45,73,20,217.4
Kenyan Drake,RB,MIA,46,194,36,69,22,196.2
JuJu Smith-Schuster,WR,PIT,43,230,52,67,18,210.1
Sony Michel,RB,NE,49,182,50,67,18,185
Alex Collins,RB,BLT,40,199,42,65,21,192.5
Chris Thompson,RB,WAS,79,185,56,65,16,175.8
Marshawn Lynch,RB,OAK,77,189,48,64,19,187.6
Amari Cooper,WR,OAK,39,215,44,63,20,217.5
Dion Lewis,RB,TEN,59,200,53,61,17,179.7
Greg Olsen,TE,CAR,60,180,54,61,16,171.6
Mark Ingram II,RB,NO,51,185,55,60,16,177.5
Josh Gordon,WR,CLV,27,211,43,59,20,218.8
Marvin Jones Jr.,WR,DET,61,210,60,57,15,200.4
Ronald Jones,RB,TB,56,180,61,55,15,172.6
Kyle Rudolph,TE,MIN,75,173,67,53,13,160.2
Lamar Miller,RB,HST,55,178,49,53,19,187.3
Russell Wilson,QB,SEA,62,325,73,53,12,310
Aaron Rodgers,QB,GB,35,325,59,52,15,320.3
Derrick Henry,RB,TEN,38,177,51,52,18,184.3
Emmanuel Sanders,WR,DEN,81,205,62,52,14,198.4
Jimmy Graham,TE,GB,54,171,75,52,11,154.3
Pierre Garcon,WR,SF,76,205,58,52,15,201.8
Jarvis Landry,WR,CLV,57,204,66,51,13,194.2
Jordan Reed,TE,WAS,94,170,74,51,11,155.4
Isaiah Crowell,RB,NYJ,92,175,71,50,12,163.8
Corey Davis,WR,TEN,67,202,70,49,12,191.5
Cam Newton,QB,CAR,80,320,68,47,12,312.6
Michael Crabtree,WR,BLT,66,200,72,47,12,190.9
Brandin Cooks,WR,LAR,53,196,63,44,13,196.2
Tom Brady,QB,NE,63,316,65,43,13,315.6
Duke Johnson Jr.,RB,CLV,96,165,64,41,13,168.4
Evan Engram,TE,NYG,68,160,57,41,15,169.1
Randall Cobb,WR,GB,88,193,79,40,9,182.4
Tevin Coleman,RB,ATL,69,165,69,39,12,164.2
Marlon Mack,RB,IND,72,164,76,38,11,160.3
DeVante Parker,WR,MIA,98,190,77,37,10,184.9
Tarik Cohen,RB,CHI,65,159,85,34,7,146.4
Robert Woods,WR,LAR,93,186,80,33,8,178.8
Jacksonville Defense,DST,JAX,97,133,474,32.8,0,132.8
Kelvin Benjamin,WR,BUF,126,185,91,32,6,170.1
Jamison Crowder,WR,WAS,83,182,89,29,6,171.8
Chris Hogan,WR,NE,58,180,78,28,9,183
Stephen Gostkowski,K,NE,159,157,460,27.2,0,157.2
Sammy Watkins,WR,KC,64,180,83,27,7,175.4
Devontae Booker,RB,DEN,139,160,106,25,3,135.9
Trey Burton,TE,CHI,89,145,87,25,6,139.1
New England Defense,DST,NE,191,124,483,24.3,0,124.3
Cooper Kupp,WR,LAR,91,177,86,24,7,173.4
Marqise Lee,WR,JAX,123,177,100,24,4,165.9
Sterling Shepard,WR,NYG,114,177,84,24,7,175.2
Chicago Defense,DST,CHI,188,124,484,23.7,0,123.7
Philadelphia Defense,DST,PHI,127,124,485,23.7,0,123.7
Dallas Defense,DST,DAL,200,123,486,23.1,0,123.1
Jack Doyle,TE,IND,132,150,88,23,6,138.7
LA Chargers Defense,DST,LAC,121,122,489,22,0,122
Robby Anderson,WR,NYJ,102,174,81,22,8,178.2
Seattle Defense,DST,SEA,200,122,490,22,0,122
Devin Funchess,WR,CAR,87,174,95,21,5,167.4
LA Rams Defense,DST,LAR,108,121,494,21,0,121
Minnesota Defense,DST,MIN,119,120,496,20.3,0,120.3
Justin Tucker,K,BLT,157,150,461,20,0,150
Wil Lutz,K,NO,179,150,462,19.9,0,149.9
Tennessee Defense,DST,TEN,200,120,497,19.7,0,119.7
DeSean Jackson,WR,TB,174,172,101,19,4,164.9
Giovani Bernard,RB,CIN,134,155,104,19,4,136
Jamaal Williams,RB,GB,85,144,90,19,6,143.9
Matt Bryant,K,ATL,176,149,463,18.7,0,148.7
Carson Wentz,QB,PHI,71,290,82,18,8,297.7
Josh Doctson,WR,WAS,150,170,128,18,0,152
New Orleans Defense,DST,NO,153,118,498,17.7,0,117.7
James White,RB,NE,158,142,102,17,4,136.4
Kenny Stills,WR,MIA,131,169.1,93,17,5,169.1
Marquise Goodwin,WR,SF,106,210,113,17,2,157.5
Rishard Matthews,WR,TEN,136,170,96,17,5,167.3
Tyler Eifert,TE,CIN,154,136,98,17,5,133.4
Allen Hurns,WR,DAL,107,168,116,15,1,155.4
David Njoku,TE,CLV,149,150,114,15,1,123.2
Nick Chubb,RB,CLV,101,140,119,15,1,126.7
Baltimore Defense,DST,BLT,145,114,502,14.2,0,114.2
Chris Boswell,K,PIT,198,144,464,14.2,0,144.2
Arizona Defense,DST,ARZ,200,113,503,12.8,0,112.8
Oakland Defense,DST,OAK,200,113,504,12.6,0,112.6
Jake Elliott,K,PHI,186,142,465,12.4,0,142.4
Charles Clay,TE,BUF,200,130,92,12,5,136.3
Greg Zuerlein,K,LAR,151,142,466,11.5,0,141.5
Deshaun Watson,QB,HST,48,283,97,11,5,287.1
Carolina Defense,DST,CAR,184,111,506,10.9,0,110.9
C.J. Anderson,RB,CAR,95,135,129,10,0,124.4
Theo Riddick,RB,DET,141,135,115,10,1,128.7
Cameron Brate,TE,TB,200,144,109,9,2,125.8
George Kittle,TE,SF,113,140,130,9,0,118.3
Adam Vinatieri,K,IND,200,139,467,8.5,0,138.5
Andrew Luck,QB,IND,111,280,107,8,3,282.7
Cameron Meredith,WR,NO,135,160,136,8,0,146.6
Julian Edelman,WR,NE,70,160,125,8,0,153
Benjamin Watson,TE,NO,166,125,132,7,0,116.6
Nelson Agholor,WR,PHI,118,160,117,7,1,155.2
Atlanta Defense,DST,ATL,200,106,507,6.3,0,106.3
Aaron Jones,RB,GB,100,130,133,6,0,122
Bilal Powell,RB,NYJ,185,131,111,6,2,130.9
D'Onta Foreman,RB,HST,117,130,170,6,0,99
Matthew Stafford,QB,DET,105,278,105,6,3,283.4
Ryan Succop,K,TEN,200,136,468,5.8,0,135.8
Harrison Butker,K,KC,194,135,469,5.1,0,135.1
Kerryon Johnson,RB,DET,74,130,103,5,4,136.3
Philip Rivers,QB,LAC,116,277,110,5,2,278.8
Daniel Carlson,K,MIN,200,135,470,4.7,0,134.7
Robbie Gould,K,SF,197,134,471,4.1,0,134.1
Kirk Cousins,QB,MIN,90,276,94,4,5,288.2
Mohamed Sanu,WR,ATL,181,157,122,4,0,153.1
Dan Bailey,K,DAL,199,134,472,3.6,0,133.6
Alex Smith,QB,WAS,147,275,123,3,0,272.9
San Francisco Defense,DST,SF,200,103,508,3,0,103
Tyler Lockett,WR,SEA,163,155,135,3,0,148.6
Will Fuller V,WR,HST,73,155,108,3,3,160.5
Matt Prater,K,DET,196,133,473,2.9,0,132.9
Josh Lambo,K,JAX,200,133,475,2.8,0,132.8
Mason Crosby,K,GB,201,132,476,1.7,0,131.7
Tampa Bay Defense,DST,TB,200,102,509,1.5,0,101.5
Washington Defense,DST,WAS,200,101,510,1.2,0,101.2
Rex Burkhead,RB,NE,84,150,148,1,0,111
Pittsburgh Defense,DST,PIT,192,101,511,0.9,0,100.9
Caleb Sturgis,K,LAC,200,131,477,0.6,0,130.6
Jimmy Garoppolo,QB,SF,103,290,126,0,0,272.6
Graham Gano,K,CAR,200,130,478,-0.1,0,129.9
Patrick Mahomes,QB,KC,200,270,124,-1,0,272.9
Dustin Hopkins,K,WAS,200,128,479,-1.7,0,128.3
Cincinnati Defense,DST,CIN,200,98,512,-1.9,0,98.1
Austin Hooper,TE,ATL,200,116,138,-2,0,109.9
Austin Seferian-Jenkins,TE,JAX,177,116,112,-2,2,123.9
Terrelle Pryor,WR,NYJ,200,150,159,-2,0,132.7
Chandler Catanzaro,K,TB,200,128,480,-2.1,0,127.9
Houston Defense,DST,HST,133,98,513,-2.5,0,97.5
Detroit Defense,DST,DET,200,97,514,-2.9,0,97.1
Kansas City Defense,DST,KC,193,97,515,-2.9,0,97.1
Miami Defense,DST,MIA,200,96,516,-3.6,0,96.4
Sebastian Janikowski,K,SEA,200,126,481,-3.8,0,126.2
Ben Roethlisberger,QB,PIT,122,268,99,-4,4,285.8
Drew Brees,QB,NO,82,268,118,-4,1,275
Jordy Nelson,WR,OAK,99,148,121,-4,1,154.1
Ty Montgomery,RB,GB,104,120,172,-4,0,98
Indianapolis Defense,DST,IND,200,96,517,-4.5,0,95.5
Ka'imi Fairbairn,K,HST,200,125,482,-5.2,0,124.8
Green Bay Defense,DST,GB,200,94,518,-5.8,0,94.2
Cleveland Defense,DST,CLV,200,94,519,-6,0,94
Marcus Mariota,QB,TEN,137,265,131,-6,0,271.8
D.J. Moore,WR,CAR,110,145,142,-7,0,140.9
Jordan Matthews,WR,NE,164,145,156,-7,0,134.1
Zane Gonzalez,K,CLV,200,123,487,-7,0,123
Randy Bullock,K,CIN,200,122,488,-7.6,0,122.4
Anthony Miller,WR,CHI,173,144,157,-8,0,133.7
Jared Cook,TE,OAK,200,110,120,-8,1,120.4
Mike Williams,WR,LAC,129,144,160,-8,0,132.3
Giorgio Tavecchio,K,OAK,200,122,491,-8.1,0,121.9
Brandon McManus,K,DEN,200,122,492,-8.4,0,121.6
Aldrick Rosas,K,NYG,200,121,493,-8.9,0,121.1
Denver Defense,DST,DEN,138,91,520,-8.9,0,91.1
Austin Ekeler,RB,LAC,200,115,155,-9,0,106.7
Cody Parkey,K,CHI,200,121,495,-9,0,121
Kenny Golladay,WR,DET,146,143,140,-9,0,142.7
Virgil Green,TE,LAC,200,110,175,-9,0,91.3
Eric Ebron,TE,IND,200,108,151,-10,0,103.4
Buffalo Defense,DST,BUF,200,89,521,-10.6,0,89.4
Jared Goff,QB,LAR,124,260,139,-11,0,263
Matt Ryan,QB,ATL,109,260,127,-11,0,271.9
Calvin Ridley,WR,ATL,120,140,169,-12,0,126.7
Chester Rogers,WR,IND,200,140,154,-12,0,134.7
Dak Prescott,QB,DAL,156,259,137,-12,0,263.6
Martavis Bryant,WR,OAK,140,140,174,-12,0,125.1
Ted Ginn Jr.,WR,NO,200,140,162,-12,0,131.3
Andy Dalton,QB,CIN,200,258,141,-13,0,262.3
Kenneth Dixon,RB,BLT,155,110,134,-13,0,121.5
Phil Dawson,K,ARZ,200,116,499,-13.9,0,116.1
Latavius Murray,RB,MIN,144,109,149,-14,0,110.8
Cairo Santos,K,NYJ,200,116,500,-14.3,0,115.7
NY Jets Defense,DST,NYJ,200,86,522,-14.4,0,85.6
Brandon LaFell,WR,CIN,200,137,152,-15,0,137
Frank Gore,RB,MIA,200,110,171,-15,0,98.4
Stephen Hauschka,K,BUF,200,115,501,-15.4,0,114.6
NY Giants Defense,DST,NYG,200,84,523,-15.8,0,84.2
Albert Wilson,WR,MIA,200,135,150,-16,0,138.1
Blake Bortles,QB,JAX,200,255,143,-16,0,260.3
Mitchell Trubisky,QB,CHI,187,255,146,-16,0,259.2
Christian Kirk,WR,ARZ,195,135,177,-17,0,124.8
Zay Jones,WR,BUF,200,135,176,-17,0,124.9
Jason Sanders,K,MIA,200,112,505,-17.8,0,112.2
Vance McDonald,TE,PIT,183,99,153,-18,0,102.4
Jake Butt,TE,DEN,200,99,178,-19,0,90.6
Jermaine Kearse,WR,NYJ,200,133,164,-19,0,129.9
Michael Gallup,WR,DAL,161,133,180,-19,0,120.5
Ricky Seals-Jones,TE,ARZ,171,99,147,-19,0,105.3
Travis Benjamin,WR,LAC,200,133,167,-19,0,128.1
Case Keenum,QB,DEN,190,250,168,-21,0,246.9
Donte Moncrief,WR,JAX,200,130,145,-21,0,139.5
John Brown,WR,BLT,200,130,144,-21,0,139.9
Terrance Williams,WR,DAL,200,130,158,-21,0,133.4
Derek Carr,QB,OAK,142,250,166,-22,0,248.4
Mike Gesicki,TE,MIA,200,97,165,-22,0,95.2
Charles Sims,RB,TB,200,100,195,-24,0,81
O.J. Howard,TE,TB,170,93,161,-24,0,97.9
Mike Wallace,WR,PHI,200,127,186,-25,0,116.6
Eli Manning,QB,NYG,165,245,173,-26,0,245
Matt Breida,RB,SF,152,99,190,-26,0,83.2
Ryan Tannehill,QB,MIA,200,245,163,-26,0,250.2
Paul Richardson Jr.,WR,WAS,162,125,196,-27,0,108.5
Darren Sproles,RB,PHI,200,95,188,-29,0,87.8
Nick Vannett,TE,SEA,200,88,185,-30,0,83.7
Blake Jarwin,TE,DAL,200,87,181,-31,0,86.6
Mark Andrews,TE,BLT,200,87,179,-31,0,88.1
Gerald Everett,TE,LAR,200,85,182,-32,0,85.6
Geronimo Allison,WR,GB,143,120,184,-32,0,117.6
Michael Roberts,TE,DET,200,86,183,-32,0,84.7
Nyheim Hines,RB,IND,115,92,192,-32,0,81.8
Tyrod Taylor,QB,CLV,189,240,194,-32,0,228.8
Ryan Griffin,TE,HST,200,82.3,187,-36,0,82.3
Trent Taylor,WR,SF,200,114.1,189,-37,0,114.1
Kyle Juszczyk,RB,SF,200,81.4,193,-43,0,81.4
DeAndre Washington,RB,OAK,200,80,191,-44,0,83
James Washington,WR,PIT,200,108,197,-44,0,107.8
T.J. Yeldon,RB,JAX,200,80,198,-44,0,80.1
Ed Dickson,TE,SEA,200,73,199,-45,0,72.8
Jameis Winston,QB,TB,172,226,200,-45,0,226.2
Carlos Hyde,RB,CLV,86,78,201,-46,0,77.7
Hayden Hurst,TE,BLT,200,71,202,-47,0,70.5
Clive Walford,TE,NYJ,200,70,204,-48,0,69.8
LeGarrette Blount,RB,DET,148,76,203,-48,0,75.9
C.J. Prosise,RB,SEA,200,75,205,-49,0,75
J.J. Nelson,WR,ARZ,200,103,206,-49,0,102.5
Spencer Ware,RB,KC,180,75,207,-49,0,74.8
Amara Darboh,WR,SEA,200,102,208,-50,0,102
Carlos Henderson,WR,DEN,200,102,209,-50,0,101.9
Jordan Wilkins,RB,IND,169,74,211,-50,0,73.8
Luke Willson,TE,DET,200,68,210,-50,0,68.2
Danny Amendola,WR,MIA,182,101,212,-51,0,100.6
Willie Snead IV,WR,BLT,200,101,213,-51,0,100.6
Chris Godwin,WR,TB,200,100,214,-52,0,99.6
Garrett Celek,TE,SF,200,65,215,-53,0,65.2
Javorius Allen,RB,BLT,200,71,216,-53,0,71.3
Joe Flacco,QB,BLT,200,217,218,-54,0,217.4
Keelan Cole,WR,JAX,200,98,217,-54,0,97.7
Vernon Davis,TE,WAS,200,63,219,-55,0,62.9
Dallas Goedert,TE,PHI,200,62,221,-56,0,61.7
Quincy Enunwa,WR,NYJ,200,96,220,-56,0,95.9
Chris Carson,RB,SEA,125,65,224,-59,0,64.8
Doug Martin,RB,OAK,128,65,223,-59,0,65.2
Jermaine Gresham,TE,ARZ,200,59,225,-59,0,58.6
Travaris Cadet,RB,BUF,200,65,222,-59,0,65.3
Corey Clement,RB,PHI,112,64,226,-60,0,64.2
Tyrell Williams,WR,LAC,175,92,227,-60,0,91.7
Rod Smith,RB,DAL,200,62,228,-62,0,62.4
Adam Shaheen,TE,CHI,200,54,232,-64,0,53.7
Chris Ivory,RB,BUF,160,60,230,-64,0,59.9
Nick O'Leary,TE,BUF,200,54,229,-64,0,54.2
Taylor Gabriel,WR,CHI,200,87,231,-64,0,87.4
Tyler Kroft,TE,CIN,200,54,233,-64,0,53.6
Chris Herndon,TE,NYJ,200,52,235,-66,0,51.6
Elijah McGuire,RB,NYJ,200,58,237,-66,0,57.5
John Ross,WR,CIN,200,85,234,-66,0,85.4
Ryan Grant,WR,IND,200,85,236,-66,0,85.2
Tyler Higbee,TE,LAR,200,51,238,-66,0,51.4
Chase Edmonds,RB,ARZ,200,57,239,-67,0,57.1
Cole Beasley,WR,DAL,200,84,240,-67,0,84.2
James Conner,RB,PIT,200,56,241,-68,0,56.2
Jordan Akins,TE,HST,200,49,243,-69,0,48.6
Niles Paul,TE,JAX,200,49,242,-69,0,48.7
Peyton Barber,RB,TB,178,55,244,-69,0,54.7
Braedon Bowman,TE,LAC,200,48,246,-70,0,48.1
Taywan Taylor,WR,TEN,200,82,245,-70,0,81.9
John Kelly,RB,LAR,200,53,247,-71,0,53.3
Jonnu Smith,TE,TEN,200,47,249,-71,0,46.5
Keke Coutee,WR,HST,200,80,248,-71,0,80.2
Jonathan Stewart,RB,NYG,200,52,250,-72,0,51.8
David Morgan,TE,MIN,200,42,252,-76,0,42.3
De'Angelo Henderson,RB,DEN,200,48,251,-76,0,48.4
Lance Kendricks,TE,GB,200,41,254,-77,0,41.1
Laquon Treadwell,WR,MIN,200,75,253,-77,0,74.9
Jeff Heuerman,TE,DEN,200,40,255,-78,0,40.3
Lee Smith,TE,OAK,200,40,256,-78,0,39.7
Jalen Richard,RB,OAK,200,45,258,-79,0,44.6
Rico Gathers,TE,DAL,200,39,257,-79,0,39.3
Roger Lewis,WR,NYG,200,71,260,-80,0,71.1
Wayne Gallman,RB,NYG,200,44,259,-80,0,43.9
A.J. Derby,TE,MIA,200,37,262,-81,0,36.8
Nick Boyle,TE,BLT,200,37,261,-81,0,37.3
Boston Scott,RB,NO,200,41,263,-83,0,41.1
Andre Holmes,WR,BUF,200,68,264,-84,0,67.8
D.J. Chark Jr.,WR,JAX,200,68,265,-84,0,67.5
Dwayne Allen,TE,NE,200,33,266,-84,0,33.4
Jesse James,TE,PIT,200,33,267,-84,0,33.4
Mike Gillislee,RB,NE,200,39,268,-85,0,38.6
Corey Coleman,WR,CLV,200,65,269,-87,0,65
Eric Tomlinson,TE,NYJ,200,31,270,-87,0,31
Torrey Smith,WR,CAR,200,65,271,-87,0,64.5
Chris Moore,WR,BLT,200,63,275,-88,0,63.3
Corey Grant,RB,JAX,200,36,274,-88,0,35.9
Logan Paulsen,TE,ATL,200,30,273,-88,0,30
Seth DeValve,TE,CLV,200,30,272,-88,0,30.1
Stephen Anderson,TE,HST,200,29,276,-89,0,29.1
Joe Williams,RB,SF,200,34,277,-90,0,34.1
Kendall Wright,WR,MIN,200,61,279,-91,0,60.6
Rhett Ellison,TE,NYG,200,27,278,-91,0,27.1
Josh McCown,QB,NYJ,200,179,281,-92,0,178.9
Reece Fountain,WR,IND,200,59,280,-92,0,59.2
Ian Thomas,TE,CAR,200,25,282,-93,0,25.3
Brice Butler,WR,ARZ,200,58,284,-94,0,57.6
James Hanna,TE,DAL,200,24,285,-94,0,23.6
Levine Toilolo,TE,DET,200,24,283,-94,0,24.3
Dante Pettis,WR,SF,200,56,287,-95,0,56.4
Demetrius Harris,TE,KC,200,23,286,-95,0,23.1
Alfred Blue,RB,HST,200,28,289,-96,0,27.5
Jaylen Samuels,TE,PIT,200,22,288,-96,0,21.8
Sean Culkin,TE,LAC,200,20,290,-98,0,19.6
Josh Hill,TE,NO,200,19,291,-99,0,19.1
Will Dissly,TE,SEA,200,19,292,-99,0,18.6
Cameron Artis-Payne,RB,CAR,200,24,293,-100,0,23.8
Malcolm Mitchell,WR,NE,200,51,294,-100,0,51.1
T.J. Logan,RB,ARZ,200,23,295,-101,0,23.1
Chris Conley,WR,KC,200,50,297,-102,0,49.6
Kalen Ballage,RB,MIA,167,22,296,-102,0,22.4
Jacob Hollister,TE,NE,200,15,303,-103,0,14.5
J'Mon Moore,WR,GB,200,49,298,-103,0,49
Justin Jackson,RB,LAC,200,21,299,-103,0,21.4
Mark Walton,RB,CIN,200,21,302,-103,0,20.7
Phillip Supernaw,TE,TEN,200,15,300,-103,0,15.3
Robert Turbin,RB,IND,200,21,301,-103,0,21.2
Erik Swoope,TE,IND,200,13,305,-104,0,13.4
Richard Rodgers,TE,PHI,200,14,304,-104,0,14.3
Courtland Sutton,WR,DEN,200,46,307,-105,0,46.3
Ito Smith,RB,ATL,200,19,308,-105,0,18.5
Samaje Perine,RB,WAS,200,19,306,-105,0,18.9
Benny Cunningham,RB,CHI,200,18,309,-106,0,18.3
Trenton Cannon,RB,NYJ,200,18,310,-106,0,18
Tavon Austin,WR,DAL,200,45,311,-107,0,45
Temarrick Hemingway,TE,LAR,200,11,312,-107,0,11.2
TJ Jones,WR,DET,200,44,314,-107,0,44.1
Tyler Conklin,TE,MIN,200,11,313,-107,0,10.5
Derek Carrier,TE,OAK,200,10,316,-108,0,10
Durham Smythe,TE,MIA,200,10,318,-108,0,9.5
James O'Shaughnessy,TE,JAX,200,10,317,-108,0,9.7
Malcolm Brown,RB,LAR,200,16,315,-108,0,16.2
Troy Fumagalli,TE,DEN,200,9,319,-108,0,9.4
Antony Auclair,TE,TB,200,9,320,-109,0,9.2
Chris Manhertz,TE,CAR,200,8,327,-109,0,8.4
Eric Saubert,TE,ATL,200,9,321,-109,0,9.1
Jerell Adams,TE,NYG,200,9,322,-109,0,9
Logan Thomas,TE,BUF,200,9,323,-109,0,9
Orson Charles,TE,KC,200,9,326,-109,0,8.5
Tanner McEvoy,WR,SEA,200,43,325,-109,0,42.5
Xavier Grimble,TE,PIT,200,9,324,-109,0,9
Aaron Ripkowski,RB,GB,200,14,330,-110,0,13.6
Andy Janovich,RB,DEN,200,14,329,-110,0,14.1
Jacquizz Rodgers,RB,TB,200,14,328,-110,0,14.1
Mack Brown,RB,MIN,200,14,331,-110,0,13.5
Akrum Wadley,RB,TEN,200,13,334,-111,0,12.6
Bo Scarbrough,RB,DAL,200,13,336,-111,0,12.5
Charcandrick West,RB,KC,200,13,335,-111,0,12.5
Darren Fells,TE,CLV,200,7,332,-111,0,7.1
Dion Sims,TE,CHI,200,7,333,-111,0,7
Ameer Abdullah,RB,DET,200,12,337,-112,0,12
Jeremy Sprinkle,TE,WAS,200,6,338,-112,0,5.5
C.J. Uzomah,TE,CIN,200,5,340,-113,0,5.3
Cole Hikutini,TE,SF,200,5,341,-113,0,5.2
Damien Williams,RB,KC,200,11,342,-113,0,10.9
Justin Hunter,WR,PIT,200,38,343,-113,0,38.4
Patrick DiMarco,RB,BUF,200,11,339,-113,0,11.4
Dede Westbrook,WR,JAX,168,38,344,-114,0,37.5
Mike Davis,RB,SEA,200,10,345,-114,0,9.9
James Develin,RB,NE,200,9,347,-115,0,8.9
Justin Hardy,WR,ATL,200,37,346,-115,0,36.5
Ryan Switzer,WR,OAK,200,36,348,-115,0,36.4
Adam Humphries,WR,TB,200,35,349,-117,0,34.7
Brian Quick,WR,WAS,200,33,351,-118,0,33.1
Tyler Boyd,WR,CIN,200,34,350,-118,0,34
Curtis Samuel,WR,CAR,200,33,352,-119,0,32.6
Josh Adams,RB,PHI,200,5,353,-119,0,4.9
Justin Davis,RB,LAR,200,5,354,-119,0,4.6
Jamize Olawale,RB,DAL,200,4,355,-120,0,3.6
Rod Streater,WR,BUF,200,30,356,-121,0,30.4
Tommy Bohanon,RB,JAX,200,3,357,-121,0,2.7
C.J. Ham,RB,MIN,200,2,361,-122,0,2.3
Deon Cain,WR,IND,200,30,362,-122,0,29.6
Derek Watt,RB,LAC,200,2,359,-122,0,2.4
Elijhaa Penny,RB,ARZ,200,2,363,-122,0,2
Trey Edmunds,RB,NO,200,2,360,-122,0,2.4
Zach Line,RB,NO,200,2,358,-122,0,2.4
Jakeem Grant,WR,MIA,200,29,365,-123,0,28.7
Tre'Quan Smith,WR,NO,200,29,364,-123,0,29
D.J. Foster,RB,ARZ,200,0,369,-124,0,0
DaeSean Hamilton,WR,DEN,200,28,366,-124,0,27.8
Fitzgerald Toussaint,RB,PIT,200,0,367,-124,0,0
Josh Ferguson,RB,IND,200,0,368,-124,0,0
Tajae Sharpe,WR,TEN,200,27,370,-125,0,27
Chad Williams,WR,ARZ,200,26,371,-126,0,25.9
Josh Reynolds,WR,LAR,200,25,372,-126,0,25.1
Bruce Ellington,WR,HST,200,24,374,-127,0,24.4
Demarcus Robinson,WR,KC,200,24,375,-127,0,24.1
Jaron Brown,WR,SEA,200,25,373,-127,0,24.5
Kevin White,WR,CHI,200,24,376,-128,0,23.6
Mack Hollins,WR,PHI,200,19,378,-132,0,19.1
Marquez Valdes-Scantling,WR,GB,200,20,377,-132,0,19.6
Andy Jones,WR,DET,200,19,380,-133,0,19
Cody Latimer,WR,NYG,200,19,379,-133,0,19
Geremy Davis,WR,LAC,200,19,381,-133,0,18.9
Justin Watson,WR,TB,200,18,383,-133,0,18.1
Marvin Hall,WR,ATL,200,18,382,-133,0,18.1
Seth Roberts,WR,OAK,200,18,384,-133,0,18.1
A.J. McCarron,QB,BUF,200,138,387,-134,0,137.5
Antonio Callaway,WR,CLV,200,18,388,-134,0,17.5
Brittan Golden,WR,ARZ,200,18,386,-134,0,17.8
Jaleel Scott,WR,BLT,200,18,385,-134,0,18
Josh Malone,WR,CIN,200,17,389,-134,0,17.4
Aldrick Robinson,WR,SF,200,17,390,-135,0,16.6
Ray-Ray McCloud III,WR,BUF,200,16,391,-136,0,15.7
Cordarrelle Patterson,WR,NE,200,13,392,-138,0,13.4
Kenny Britt,WR,NE,200,13,393,-139,0,12.9
Brandon Coleman,WR,NO,200,11,394,-140,0,11.4
Darrius Heyward-Bey,WR,PIT,200,11,395,-140,0,11.3
Dwayne Harris,WR,OAK,200,11,396,-141,0,10.7
Equanimeous St. Brown,WR,GB,200,10,397,-142,0,9.8
Krishawn Hogan,WR,IND,200,10,398,-142,0,9.8
Shelton Gibson,WR,PHI,200,10,399,-142,0,9.5
Stacy Coley,WR,MIN,200,9,401,-142,0,9.3
Travis Rudolph,WR,NYG,200,10,400,-142,0,9.5
Braxton Miller,WR,HST,200,9,404,-143,0,8.9
Chad Hansen,WR,NYJ,200,9,403,-143,0,9
Damion Ratley,WR,CLV,200,9,406,-143,0,8.7
Jarius Wright,WR,CAR,200,9,405,-143,0,8.8
Jaydon Mickens,WR,JAX,200,8,408,-143,0,8.4
Jordan Lasley,WR,BLT,200,9,402,-143,0,9
Maurice Harris,WR,WAS,200,8,409,-143,0,8.4
Pharoh Cooper,WR,LAR,200,8,411,-143,0,8.3
Rashard Higgins,WR,CLV,200,9,407,-143,0,8.7
Zach Pascal,WR,TEN,200,8,410,-143,0,8.3
Cedrick Wilson,WR,DAL,200,8,413,-144,0,8
Jehu Chesson,WR,KC,200,8,412,-144,0,8
Quan Bray,WR,BUF,200,8,414,-144,0,7.8
De'Anthony Thomas,WR,KC,200,7,417,-145,0,6.7
Joshua Bellamy,WR,CHI,200,7,415,-145,0,6.9
Tyler Ervin,WR,HST,200,7,416,-145,0,6.8
Jordan Taylor,WR,DEN,200,5,418,-147,0,4.6
Alex Erickson,WR,CIN,200,0,426,-152,0,-0.1
Andre Roberts,WR,NYJ,200,0,423,-152,0,0
ArDarius Stewart,WR,NYJ,200,0,420,-152,0,0
Brandon Tate,WR,BUF,200,0,424,-152,0,0
Chris Thompson,WR,HST,200,0,421,-152,0,0
Isaiah McKenzie,WR,DEN,200,0,422,-152,0,0
Kalif Raymond,WR,NYG,200,0,425,-152,0,-0.1
Trevor Davis,WR,GB,200,0,419,-152,0,0
Josh Rosen,QB,ARZ,200,119,427,-153,0,118.8
Sam Bradford,QB,ARZ,200,119,428,-153,0,118.6
Josh Allen,QB,BUF,200,76,429,-195,0,76.3
Sam Darnold,QB,NYJ,200,76,430,-195,0,76.3
Baker Mayfield,QB,CLV,200,63,431,-209,0,62.8
Ryan Fitzpatrick,QB,TB,200,50,432,-221,0,50.4
Jacoby Brissett,QB,IND,200,25,433,-246,0,25.1
Lamar Jackson,QB,BLT,200,12,434,-259,0,12
Austin Davis,QB,SEA,200,3,436,-268,0,3.3
Cody Kessler,QB,JAX,200,4,435,-268,0,3.6
Colt McCoy,QB,WAS,200,3,447,-268,0,3
Davis Webb,QB,NYG,200,3,446,-268,0,3
EJ Manuel,QB,OAK,200,3,440,-268,0,3.1
Geno Smith,QB,LAC,200,3,438,-268,0,3.2
Jeff Driskel,QB,CIN,200,3,443,-268,0,3.1
Landry Jones,QB,PIT,200,3,441,-268,0,3.1
Luke Falk,QB,TEN,200,3,442,-268,0,3.1
Matt Schaub,QB,ATL,200,3,445,-268,0,3
Mike White,QB,DAL,200,3,448,-268,0,3
Nick Foles,QB,PHI,200,3,437,-268,0,3.3
Paxton Lynch,QB,DEN,200,3,439,-268,0,3.1
T.J. Yates,QB,HST,200,3,444,-268,0,3
Brett Hundley,QB,GB,200,3,451,-269,0,2.9
Brian Hoyer,QB,NE,200,3,454,-269,0,2.7
C.J. Beathard,QB,SF,200,3,455,-269,0,2.6
Chad Henne,QB,KC,200,2,458,-269,0,2.3
Chase Daniel,QB,CHI,200,3,449,-269,0,2.9
Derek Anderson,QB,CAR,200,2,459,-269,0,2.1
Matt Cassel,QB,DET,200,3,452,-269,0,2.8
Matt Moore,QB,MIA,200,3,457,-269,0,2.5
Sean Mannion,QB,LAR,200,3,450,-269,0,2.9
Tom Savage,QB,NO,200,3,453,-269,0,2.8
Trevor Siemian,QB,MIN,200,3,456,-269,0,2.6
